Date,Filename,Hash,URL
"2020-09-03","client.exe","c7aa5ccec0ae3f80372f98dcb60aed5103c77fd35c717d3dbecb5f7e0520947e","https://app.any.run/tasks/42487813-612f-4c11-b483-3a5fcf14794b/"
"2020-09-02","5deb04973e8e613600144c8e92b26b3a0731db4e0eb7b481873ec987b924116f.exe","5deb04973e8e613600144c8e92b26b3a0731db4e0eb7b481873ec987b924116f","https://app.any.run/tasks/705477e7-df29-42a0-9a04-120602181234/"
"2020-08-31","Taurus.exe","ab6c220ed37a3771afb540e7b1179aea65119d6e3da91d55af7f659f61541f42","https://app.any.run/tasks/504ae2b5-c455-444e-a689-273cf976a343/"
"2020-08-01","Udachniy.exe","b0c4c724ff639d7a4b0da11919abba4766e015e2f2e1ffeaea44fd4b2479ac47","https://app.any.run/tasks/8649df1c-e16b-46ad-b804-62699d314b3c/"
"2020-07-31","1.exe","d797e73a3aa2f8fb2361f05cd782457c409e3ff459eb984255b36d4bbf2cabc9","https://app.any.run/tasks/130a2516-8566-4de1-87d1-eb0823733bd9/"
"2020-07-27","MyDocument3.doc","2cd87e33b5780ea8273e3fe3a9997361b9ad37274428b1e0c74a35042245f270","https://app.any.run/tasks/f4a48c58-312a-4011-b0b4-d850feb58d44/"
"2020-07-27","111.exe","ce2644d2d9973ab0a3004942cef2d74d210882bea29d8b698c7af02d308b289e","https://app.any.run/tasks/cc73ddf6-8645-4f72-90db-cf475369e428/"
"2020-08-23","Dr.Fone_v3.8.exe","e832fe2b9251b58442d1c9e380ae5f5d338af57a43329f79786e333c15507ec4","https://app.any.run/tasks/30d9b08f-32f4-4587-aa9b-3763a75158d1/"
"2020-07-22","quizzy-us.exe","dc8899eb603bff140adbb0fda3f8cab9a6063d1ac1525f129a004baa52fa8705","https://app.any.run/tasks/507b8b2c-37fc-4381-a75a-4f0a67845ee3/"
"2020-07-17","Groysman.exe","f81c0c01b81cb075762a2363bfab9c61ab7d4893c9d34ce3412617e8e9f15ca0","https://app.any.run/tasks/0cfc82aa-190c-4897-bf03-64c731468c1b/"
"2020-07-16","m.exe","48af99ce2c847fc4213bd67d25bc9b1766247993094b016464a98dd9fb27646a","https://app.any.run/tasks/f98fd327-e245-4e04-af7c-71a5c17827c7/"
"2020-07-15","e94c17628da1a484d2f79e52d8984f7f1340a529ef10c88e174a91ab1041c8b1.rtf","e94c17628da1a484d2f79e52d8984f7f1340a529ef10c88e174a91ab1041c8b1","https://app.any.run/tasks/d99b71aa-cc7e-444f-9a8b-6bb7e31b11c7/"
"2020-07-15","a3c7aadce1125c65048492f200dc73cc8a3b194d05ae39cb239a527d2d584c08.rtf","a3c7aadce1125c65048492f200dc73cc8a3b194d05ae39cb239a527d2d584c08","https://app.any.run/tasks/5d98a7bb-4fcf-4fb6-ac2d-c5319cd30c5c/"
"2020-07-14","quizzy-us.exe","da217a74fece4ef330fb82566a495ec73843bd4302634ecdb50f94c4947ef02a","https://app.any.run/tasks/915fa202-bece-45d2-9feb-4a21dec69639/"
"2020-07-13","spedupww4.exe","27a6ca657825a5c518094d055bf8d75a4a0bf7060a3932cae161fc19264c5a2f","https://app.any.run/tasks/b9401a52-f290-48ff-95c0-2b96cb45bc94/"
"2020-07-09","Chapo_skleika.exe","525c5286ae36b0649ed3acfd4bd3b5bf82eec03de942b763aa102395b629cb79","https://app.any.run/tasks/1ecd3c44-6dca-4545-8a7f-d7c20a123e32/"
